{
  "accuracy": 0.5417425929675372,
  "log_loss": 0.6869121111266882
}