{
  "accuracy": 0.48100155227104,
  "log_loss": 1.0288725555341758
}