{
  "poisson_nll": 2.9005014592350817,
  "home_goals_mae": 0.9432400508366463,
  "away_goals_mae": 0.8511804674003517
}